<?xml version="1.0"?>
<!--<!DOCTYPE metadata SYSTEM "http://www.esri.com/metadata/esriprof80.dtd">-->
<metadata xml:lang="en"><Esri><CreaDate>20120921</CreaDate><CreaTime>11023800</CreaTime><SyncOnce>FALSE</SyncOnce><SyncDate>20120912</SyncDate><SyncTime>12521000</SyncTime><ModDate>20120912</ModDate><ModTime>12521000</ModTime><DataProperties><itemProps><itemName Sync="TRUE">ONrll</itemName><imsContentType Sync="TRUE">002</imsContentType><itemSize Sync="TRUE">0.000</itemSize><itemLocation><linkage Sync="TRUE">file://\\192-84\GIS$\STAFF\KS\dmti\TO\output\ONrll.shp</linkage><protocol Sync="TRUE">Local Area Network</protocol></itemLocation></itemProps><coordRef><type Sync="TRUE">Geographic</type><geogcsn Sync="TRUE">GCS_WGS_1984</geogcsn><csUnits Sync="TRUE">Angular Unit: Degree (0.017453)</csUnits><peXml Sync="TRUE">&lt;GeographicCoordinateSystem xsi:type='typens:GeographicCoordinateSystem' xmlns:xsi='http://www.w3.org/2001/XMLSchema-instance' xmlns:xs='http://www.w3.org/2001/XMLSchema' xmlns:typens='http://www.esri.com/schemas/ArcGIS/10.0'&gt;&lt;WKT&gt;GEOGCS[&amp;quot;GCS_WGS_1984&amp;quot;,DATUM[&amp;quot;D_WGS_1984&amp;quot;,SPHEROID[&amp;quot;WGS_1984&amp;quot;,6378137.0,298.257223563]],PRIMEM[&amp;quot;Greenwich&amp;quot;,0.0],UNIT[&amp;quot;Degree&amp;quot;,0.0174532925199433],AUTHORITY[&amp;quot;EPSG&amp;quot;,4326]]&lt;/WKT&gt;&lt;XOrigin&gt;-399.99999999999989&lt;/XOrigin&gt;&lt;YOrigin&gt;-399.99999999999989&lt;/YOrigin&gt;&lt;XYScale&gt;11258999068426.24&lt;/XYScale&gt;&lt;ZOrigin&gt;-100000&lt;/ZOrigin&gt;&lt;ZScale&gt;10000&lt;/ZScale&gt;&lt;MOrigin&gt;-100000&lt;/MOrigin&gt;&lt;MScale&gt;10000&lt;/MScale&gt;&lt;XYTolerance&gt;8.9831528411952133e-009&lt;/XYTolerance&gt;&lt;ZTolerance&gt;0.001&lt;/ZTolerance&gt;&lt;MTolerance&gt;0.001&lt;/MTolerance&gt;&lt;HighPrecision&gt;true&lt;/HighPrecision&gt;&lt;LeftLongitude&gt;-180&lt;/LeftLongitude&gt;&lt;WKID&gt;4326&lt;/WKID&gt;&lt;/GeographicCoordinateSystem&gt;</peXml></coordRef><lineage><Process Name="Clip" ToolSource="C:\Program Files\ArcGIS\Desktop10.0\ArcToolbox\Toolboxes\Analysis Tools.tbx\Clip" Date="20120912" Time="125212">Clip U:\STAFF\KS\dmti\TO\ONrll.shp U:\STAFF\KS\dmti\TO\outline\Toronto_bound_UTM.shp U:\STAFF\KS\dmti\TO\output\ONrll.shp #</Process></lineage></DataProperties><ArcGISFormat>1.0</ArcGISFormat></Esri><idinfo><native Sync="TRUE"> Version 6.1 (Build 7600) ; ESRI ArcCatalog 9.2.6.1500</native><descript><langdata Sync="FALSE" value="en">en</langdata><abstract>The CanMap Rail and Transit Lines layer represents: primary railways, transit, sidetrack and abandoned railways across Canada. The attribution associated to these graphic segments include: Rail Operator, Cartographic Type Assignment and more.</abstract><purpose>The use of this nationwide data product can include, but is not limited to: location based services, navigation, emergency planning, logistics, environmental analysis and other cartography applications. </purpose><supplinf>The graphics for CanMap Rail were extracted in part from the 1:50,000 National Topographic Database and other supporting sources. The product has been continually enhanced using aerial and satellite imagery. </supplinf></descript><citation><citeinfo><origin>DMTI Spatial Inc</origin><pubdate>20120815</pubdate><title Sync="FALSE">Rail and Transit Lines (RLL)</title><ftname Sync="FALSE">Rail and Transit Lines (RLL)</ftname><geoform Sync="TRUE">vector digital data</geoform><onlink>Please enter file location path here.</onlink><onlink Sync="FALSE"></onlink></citeinfo></citation><timeperd><current>publication date</current><timeinfo><rngdates><begdate>20020101</begdate><enddate>20120801</enddate></rngdates></timeinfo></timeperd><status><progress>Complete</progress><update>Biannually</update></status><spdom><bounding><westbc Sync="TRUE">-95.246551</westbc><eastbc Sync="TRUE">-74.334932</eastbc><northbc Sync="TRUE">51.287397</northbc><southbc Sync="TRUE">42.028410</southbc></bounding><lboundng><leftbc Sync="TRUE">-95.246551</leftbc><rightbc Sync="TRUE">-74.334932</rightbc><bottombc Sync="TRUE">42.028410</bottombc><topbc Sync="TRUE">51.287397</topbc></lboundng><minalti Sync="TRUE">0.000000</minalti><maxalti Sync="TRUE">0.000000</maxalti></spdom><keywords><theme><themekt>Not Available</themekt><themekey>Keywords:</themekey><themekey>Rail</themekey><themekey> Main Railway</themekey><themekey> Transit Lines</themekey><themekey> Sidetrack</themekey><themekey> Abandoned</themekey><themekey> Rail lines</themekey></theme></keywords><accconst>REQUIRED: Restrictions and legal prerequisites for accessing the data set.</accconst><useconst>REQUIRED: Restrictions and legal prerequisites for using the data set after access is granted.</useconst><natvform Sync="TRUE">Shapefile</natvform><ptcontac><cntinfo><cntorgp><cntper>Rick Andrews</cntper><cntorg>DMTI Spatial Inc</cntorg></cntorgp><cntaddr><addrtype>mailing and physical address</addrtype><city>Markham</city><state>Ontario</state><postal>L3R 9R9</postal><address>15 Allstate Parkway</address><country>Canada</country></cntaddr><cntvoice>1-877-477-3684</cntvoice><cntpos>Manager</cntpos><cntfax>1-905-948-9404</cntfax><cntemail>randrews@dmtispatial.com</cntemail></cntinfo></ptcontac></idinfo><dataIdInfo><envirDesc Sync="TRUE">Microsoft Windows XP Version 5.1 (Build 2600) Service Pack 3; ESRI ArcGIS 10.0.3.3600</envirDesc><dataLang><languageCode Sync="FALSE" value="en"></languageCode><countryCode value="US" Sync="TRUE"></countryCode></dataLang><idCitation><resTitle Sync="FALSE">Rail and Transit Lines (RLL)</resTitle><presForm><PresFormCd Sync="FALSE" value="005"></PresFormCd></presForm><Title>Rail and Transit Lines (RLL)</Title><resRefDate><refDate>20020215</refDate><refDateType><DateTypCd value="001"></DateTypCd></refDateType></resRefDate><resRefDate><refDate>20120815</refDate><refDateType><DateTypCd value="003"></DateTypCd></refDateType></resRefDate><resRefDate><refDate>20120815</refDate><refDateType><DateTypCd value="002"></DateTypCd></refDateType></resRefDate><resEdDate>20120815</resEdDate><resEd>2012.3</resEd></idCitation><spatRpType><SpatRepTypCd Sync="TRUE" value="001"></SpatRepTypCd></spatRpType><dataExt><geoEle><GeoBndBox esriExtentType="native"><westBL Sync="TRUE">-95.246551</westBL><eastBL Sync="TRUE">-74.334932</eastBL><northBL Sync="TRUE">51.287397</northBL><southBL Sync="TRUE">42.02841</southBL><exTypeCode Sync="TRUE">1</exTypeCode></GeoBndBox></geoEle><tempEle><TempExtent><exTemp><TM_GeometricPrimitive><TM_Period><begin>20020101</begin><end>20120801</end></TM_Period></TM_GeometricPrimitive></exTemp></TempExtent></tempEle></dataExt><geoBox esriExtentType="decdegrees"><westBL Sync="TRUE">-95.246551</westBL><eastBL Sync="TRUE">-74.334932</eastBL><northBL Sync="TRUE">51.287397</northBL><southBL Sync="TRUE">42.02841</southBL><exTypeCode Sync="TRUE">1</exTypeCode></geoBox><idAbs>The CanMap Rail and Transit Lines layer represents: primary railways, transit, sidetrack and abandoned railways across Canada. The attribution associated to these graphic segments include: Rail Operator, Cartographic Type Assignment and more.</idAbs><descKeys KeyTypCd="005"><keyTyp><KeyTypCd value="005"></KeyTypCd></keyTyp><keyword>Rail</keyword><keyword> Main Railway</keyword><keyword> Transit Lines</keyword><keyword> Sidetrack</keyword><keyword> Abandoned</keyword><keyword> Rail lines</keyword><thesaName><resTitle>Not Available</resTitle></thesaName></descKeys><tpCat><TopicCatCd value="018"></TopicCatCd></tpCat><dataScale><equScale><rfDenom>1000/50000</rfDenom></equScale></dataScale><resMaint><maintFreq><MaintFreqCd value="007"></MaintFreqCd></maintFreq><dateNext>20130215</dateNext></resMaint><resConst><Consts><useLimit>As Per End User License Agreement</useLimit></Consts></resConst></dataIdInfo><metainfo><langmeta Sync="FALSE" value="en">en</langmeta><metstdn Sync="TRUE">FGDC Content Standards for Digital Geospatial Metadata</metstdn><metstdv Sync="TRUE">FGDC-STD-001-1998</metstdv><mettc Sync="TRUE">local time</mettc><metc><cntinfo><cntorgp><cntper>Rick Andrews</cntper><cntorg>DMTI Spatial Inc</cntorg></cntorgp><cntaddr><addrtype>mailing address</addrtype><city>Markham</city><state>Ontario</state><postal>L3R 9R9</postal><address>15 Allstate Parkway</address><country>Canada</country></cntaddr><cntvoice>1-877-477-3684</cntvoice><cntpos>Manager</cntpos><cntfax>1-905-948-9404</cntfax><cntemail>randrews@dmtispatial.com</cntemail></cntinfo></metc><metd Sync="TRUE">20120821</metd></metainfo><mdLang><languageCode Sync="FALSE" value="en"></languageCode><countryCode value="US" Sync="TRUE"></countryCode></mdLang><mdStanName Sync="TRUE">ISO 19115 Geographic Information - Metadata</mdStanName><mdStanVer Sync="TRUE">DIS_ESRI1.0</mdStanVer><mdChar><CharSetCd Sync="TRUE" value="004"></CharSetCd></mdChar><mdHrLv><ScopeCd Sync="TRUE" value="005"></ScopeCd></mdHrLv><mdHrLvName Sync="TRUE">dataset</mdHrLvName><distinfo><resdesc Sync="TRUE">Downloadable Data</resdesc><stdorder><digform><digtinfo><transize Sync="TRUE">6.027</transize><dssize Sync="TRUE">6.027</dssize></digtinfo></digform></stdorder></distinfo><distInfo><distributor><distorTran><onLineSrc><orDesc Sync="FALSE"></orDesc><linkage Sync="FALSE">Please enter file location path here.</linkage><protocol Sync="FALSE"></protocol></onLineSrc><transSize Sync="TRUE">6.027</transSize></distorTran><distorFormat><formatName Sync="TRUE">Shapefile</formatName></distorFormat><distorCont><rpIndName>Account Manager</rpIndName><rpOrgName>DMTI Spatial Inc.</rpOrgName><rpPosName>Sales Account Manager</rpPosName><rpCntInfo><cntAddress><delPoint>15 Allstate Parkway</delPoint><city>Markham</city><adminArea>Ontario</adminArea><postCode>L3R 9R9</postCode><eMailAdd>info@dmtispatial.com</eMailAdd><country>ca</country></cntAddress><cntPhone><rptInfo><voiceNum>1-877-477-3684</voiceNum><faxNum>1-905-948-9404</faxNum></rptInfo><voiceNum>1-877-477-3684</voiceNum><faxNum>1-905-948-9404</faxNum></cntPhone></rpCntInfo><role><RoleCd value="001"></RoleCd></role></distorCont><distorordPrc><ordTurn>Off the shelf CanMap® products are shipped in 3-5 business days Custom CanMap products are fulfilled in 7-10 business days</ordTurn></distorordPrc></distributor><distFormat><formatName Sync="TRUE">Shapefile</formatName></distFormat><distTranOps><transSize Sync="TRUE">0.000</transSize></distTranOps></distInfo><spdoinfo><direct Sync="TRUE">Vector</direct><ptvctinf><esriterm><efeatyp Sync="TRUE">Simple</efeatyp><efeageom code="3" Sync="TRUE"></efeageom><esritopo Sync="TRUE">FALSE</esritopo><efeacnt Sync="TRUE">0</efeacnt><spindex Sync="TRUE">FALSE</spindex><linrefer Sync="TRUE">TRUE</linrefer></esriterm></ptvctinf></spdoinfo><spref><horizsys><cordsysn><geogcsn Sync="TRUE">GCS_WGS_1984</geogcsn></cordsysn><geograph><geogunit Sync="TRUE">Decimal degrees</geogunit><latres Sync="TRUE">0.000000</latres><longres Sync="TRUE">0.000000</longres></geograph><geodetic><horizdn Sync="TRUE">D_WGS_1984</horizdn><ellips Sync="TRUE">WGS_1984</ellips><semiaxis Sync="TRUE">6378137.000000</semiaxis><denflat Sync="TRUE">298.257224</denflat></geodetic></horizsys><vertdef><altsys><altenc Sync="TRUE">Explicit elevation coordinate included with horizontal coordinates</altenc><altres Sync="TRUE">0.000100</altres></altsys></vertdef></spref><refSysInfo><RefSystem><refSysID><identCode Sync="TRUE" value="4326">GCS_WGS_1984</identCode><idCodeSpace Sync="TRUE">EPSG</idCodeSpace><idVersion Sync="TRUE">7.4.1</idVersion></refSysID></RefSystem></refSysInfo><spatRepInfo><VectSpatRep><geometObjs Name="ONrll"><geoObjTyp><GeoObjTypCd value="002" Sync="TRUE"></GeoObjTypCd></geoObjTyp><geoObjCnt Sync="TRUE">0</geoObjCnt></geometObjs><topLvl><TopoLevCd value="001" Sync="TRUE"></TopoLevCd></topLvl></VectSpatRep></spatRepInfo><eainfo><detailed Name="ONrll"><enttyp><enttypl Sync="TRUE">ONrll</enttypl><enttypt Sync="TRUE">Feature Class</enttypt><enttypc Sync="TRUE">0</enttypc></enttyp><attr><attrlabl Sync="TRUE">FID</attrlabl><attalias Sync="TRUE">FID</attalias><attrtype Sync="TRUE">OID</attrtype><attwidth Sync="TRUE">4</attwidth><atprecis Sync="TRUE">0</atprecis><attscale Sync="TRUE">0</attscale><attrdef Sync="TRUE">Internal feature number.</attrdef><attrdefs Sync="TRUE">ESRI</attrdefs><attrdomv><udom Sync="TRUE">Sequential unique whole numbers that are automatically generated.</udom></attrdomv></attr><attr><attrlabl Sync="TRUE">Shape</attrlabl><attalias Sync="TRUE">Shape</attalias><attrtype Sync="TRUE">Geometry</attrtype><attwidth Sync="TRUE">0</attwidth><atprecis Sync="TRUE">0</atprecis><attscale Sync="TRUE">0</attscale><attrdef Sync="TRUE">Feature geometry.</attrdef><attrdefs Sync="TRUE">ESRI</attrdefs><attrdomv><udom Sync="TRUE">Coordinates defining the features.</udom></attrdomv></attr><attr><attrlabl Sync="TRUE">OWNER</attrlabl><attalias Sync="TRUE">OWNER</attalias><attrtype Sync="TRUE">String</attrtype><attwidth Sync="TRUE">15</attwidth><atprecis Sync="TRUE">0</atprecis><attscale Sync="TRUE">0</attscale></attr><attr><attrlabl Sync="TRUE">CARTO</attrlabl><attalias Sync="TRUE">CARTO</attalias><attrtype Sync="TRUE">SmallInteger</attrtype><attwidth Sync="TRUE">3</attwidth><atprecis Sync="TRUE">3</atprecis><attscale Sync="TRUE">0</attscale></attr><attr><attrlabl Sync="TRUE">ACCESS1</attrlabl><attalias Sync="TRUE">ACCESS1</attalias><attrtype Sync="TRUE">String</attrtype><attwidth Sync="TRUE">15</attwidth><atprecis Sync="TRUE">0</atprecis><attscale Sync="TRUE">0</attscale></attr><attr><attrlabl Sync="TRUE">ACCESS2</attrlabl><attalias Sync="TRUE">ACCESS2</attalias><attrtype Sync="TRUE">String</attrtype><attwidth Sync="TRUE">15</attwidth><atprecis Sync="TRUE">0</atprecis><attscale Sync="TRUE">0</attscale></attr><attr><attrlabl Sync="TRUE">ACCESS3</attrlabl><attalias Sync="TRUE">ACCESS3</attalias><attrtype Sync="TRUE">String</attrtype><attwidth Sync="TRUE">15</attwidth><atprecis Sync="TRUE">0</atprecis><attscale Sync="TRUE">0</attscale></attr><attr><attrlabl Sync="TRUE">TRS_RTE</attrlabl><attalias Sync="TRUE">TRS_RTE</attalias><attrtype Sync="TRUE">String</attrtype><attwidth Sync="TRUE">68</attwidth><atprecis Sync="TRUE">0</atprecis><attscale Sync="TRUE">0</attscale></attr><attr><attrlabl Sync="TRUE">RTE_TYPE</attrlabl><attalias Sync="TRUE">RTE_TYPE</attalias><attrtype Sync="TRUE">String</attrtype><attwidth Sync="TRUE">3</attwidth><atprecis Sync="TRUE">0</atprecis><attscale Sync="TRUE">0</attscale></attr><attr><attrlabl Sync="TRUE">PROV</attrlabl><attalias Sync="TRUE">PROV</attalias><attrtype Sync="TRUE">String</attrtype><attwidth Sync="TRUE">2</attwidth><atprecis Sync="TRUE">0</atprecis><attscale Sync="TRUE">0</attscale></attr><attr><attrlabl Sync="TRUE">US_RAILCO</attrlabl><attalias Sync="TRUE">US_RAILCO</attalias><attrtype Sync="TRUE">String</attrtype><attwidth Sync="TRUE">15</attwidth><atprecis Sync="TRUE">0</atprecis><attscale Sync="TRUE">0</attscale></attr><attr><attrlabl Sync="TRUE">US_STP</attrlabl><attalias Sync="TRUE">US_STP</attalias><attrtype Sync="TRUE">String</attrtype><attwidth Sync="TRUE">50</attwidth><atprecis Sync="TRUE">0</atprecis><attscale Sync="TRUE">0</attscale></attr><attr><attrlabl Sync="TRUE">US_STATE</attrlabl><attalias Sync="TRUE">US_STATE</attalias><attrtype Sync="TRUE">String</attrtype><attwidth Sync="TRUE">2</attwidth><atprecis Sync="TRUE">0</atprecis><attscale Sync="TRUE">0</attscale></attr><attr><attrlabl Sync="TRUE">CR</attrlabl><attalias Sync="TRUE">CR</attalias><attrtype Sync="TRUE">SmallInteger</attrtype><attwidth Sync="TRUE">1</attwidth><atprecis Sync="TRUE">1</atprecis><attscale Sync="TRUE">0</attscale></attr><attr><attrlabl Sync="TRUE">LRT</attrlabl><attalias Sync="TRUE">LRT</attalias><attrtype Sync="TRUE">SmallInteger</attrtype><attwidth Sync="TRUE">1</attwidth><atprecis Sync="TRUE">1</atprecis><attscale Sync="TRUE">0</attscale></attr><attr><attrlabl Sync="TRUE">RT</attrlabl><attalias Sync="TRUE">RT</attalias><attrtype Sync="TRUE">SmallInteger</attrtype><attwidth Sync="TRUE">1</attwidth><atprecis Sync="TRUE">1</atprecis><attscale Sync="TRUE">0</attscale></attr><attr><attrlabl Sync="TRUE">CODE</attrlabl><attalias Sync="TRUE">CODE</attalias><attrtype Sync="TRUE">SmallInteger</attrtype><attwidth Sync="TRUE">4</attwidth><atprecis Sync="TRUE">4</atprecis><attscale Sync="TRUE">0</attscale></attr><attr><attrlabl Sync="TRUE">FEATURE</attrlabl><attalias Sync="TRUE">FEATURE</attalias><attrtype Sync="TRUE">String</attrtype><attwidth Sync="TRUE">30</attwidth><atprecis Sync="TRUE">0</atprecis><attscale Sync="TRUE">0</attscale></attr><attr><attrlabl Sync="TRUE">RL_ID</attrlabl><attalias Sync="TRUE">RL_ID</attalias><attrtype Sync="TRUE">Integer</attrtype><attwidth Sync="TRUE">9</attwidth><atprecis Sync="TRUE">9</atprecis><attscale Sync="TRUE">0</attscale></attr></detailed></eainfo><mdDateSt Sync="TRUE">20120912</mdDateSt><mdContact><rpIndName>Rick Andrews</rpIndName><rpOrgName>DMTI Spatial Inc</rpOrgName><rpPosName>Manager</rpPosName><role><RoleCd value="007"></RoleCd></role><rpCntInfo><cntAddress><delPoint>15 Allstate Parkway</delPoint><city>Markham</city><adminArea>Ontario</adminArea><postCode>L3R 9R9</postCode><eMailAdd>randrews@dmtispatial.com</eMailAdd><country>ca</country></cntAddress><cntPhone><voiceNum>1-877-477-3684</voiceNum><faxNum>1-905-948-9404</faxNum></cntPhone></rpCntInfo></mdContact><dqInfo><dataLineage><statement>The graphics for CanMap Rail were extracted in part from the 1:50,000 National Topographic Database and other supporting sources. The product has been continually enhanced using aerial and satellite imagery. </statement></dataLineage></dqInfo><dataqual><posacc><horizpa><qhorizpa><horizpav>1:1000</horizpav><horizpae>The minimum scale at which the dataset was digitized or the best scale to view the data.</horizpae></qhorizpa><qhorizpa><horizpav>1:50000</horizpav><horizpae>The maximum scale at which the dataset was digitized or the best scale to view the data.</horizpae></qhorizpa></horizpa></posacc><lineage><procstep><procdesc Sync="TRUE">Dataset copied.</procdesc><srcused Sync="TRUE"></srcused><date Sync="TRUE">20120821</date><time Sync="TRUE">22590800</time></procstep></lineage></dataqual></metadata>
